{"cameraMode":{"drawMode":0,"name":"Shaded","section":"Shading Mode"},"sceneLighting":true,"audioPlay":false,"sceneViewState":{"showFog":true,"showMaterialUpdate":false,"showSkybox":true,"showFlares":true,"showImageEffects":true,"showParticleSystems":true},"in2DMode":false,"pivot":{"x":150.48666381835938,"y":157.52166748046876,"z":0.0},"rotation":{"x":-0.20815637707710267,"y":-0.011125884018838406,"z":0.0023728811647742988,"w":-0.978047788143158},"size":117.1522216796875,"orthographic":true}